heart rate,sodium,blood cells,glucose,hematocrit,respiratory rate,Y
84.9752062208331,138.60557870597336,3.560832338080773,134.34926311993078,31.66336654924835,18.268381836576886,0.2032598717591036
15.510772203654252,4.137266884744374,0.6115135703811643,42.41226434980442,5.048499485827678,4.27432284566778,0.6268822144943971
